CREATE DATABASE  IF NOT EXISTS `technobord` /*!40100 DEFAULT CHARACTER SET latin1 */;
USE `technobord`;
-- MySQL dump 10.13  Distrib 5.5.16, for Win32 (x86)
--
-- Host: localhost    Database: technobord
-- ------------------------------------------------------
-- Server version	5.5.24-log

/*!40101 SET @OLD_CHARACTER_SET_CLIENT=@@CHARACTER_SET_CLIENT */;
/*!40101 SET @OLD_CHARACTER_SET_RESULTS=@@CHARACTER_SET_RESULTS */;
/*!40101 SET @OLD_COLLATION_CONNECTION=@@COLLATION_CONNECTION */;
/*!40101 SET NAMES utf8 */;
/*!40103 SET @OLD_TIME_ZONE=@@TIME_ZONE */;
/*!40103 SET TIME_ZONE='+00:00' */;
/*!40014 SET @OLD_UNIQUE_CHECKS=@@UNIQUE_CHECKS, UNIQUE_CHECKS=0 */;
/*!40014 SET @OLD_FOREIGN_KEY_CHECKS=@@FOREIGN_KEY_CHECKS, FOREIGN_KEY_CHECKS=0 */;
/*!40101 SET @OLD_SQL_MODE=@@SQL_MODE, SQL_MODE='NO_AUTO_VALUE_ON_ZERO' */;
/*!40111 SET @OLD_SQL_NOTES=@@SQL_NOTES, SQL_NOTES=0 */;

--
-- Table structure for table `t000_estrutura`
--

DROP TABLE IF EXISTS `t000_estrutura`;
/*!40101 SET @saved_cs_client     = @@character_set_client */;
/*!40101 SET character_set_client = utf8 */;
CREATE TABLE `t000_estrutura` (
  `T000_codigo` int(11) NOT NULL AUTO_INCREMENT,
  `T000_nome` varchar(45) DEFAULT NULL,
  `T000_descricao` varchar(200) DEFAULT NULL,
  `T000_titulo` varchar(45) DEFAULT NULL,
  `T000_pai` int(11) DEFAULT NULL,
  PRIMARY KEY (`T000_codigo`),
  KEY `fk_T000_estrutura_T000_estrutura` (`T000_pai`),
  CONSTRAINT `fk_T000_estrutura_T000_estrutura0` FOREIGN KEY (`T000_pai`) REFERENCES `t000_estrutura` (`T000_codigo`) ON DELETE NO ACTION ON UPDATE NO ACTION
) ENGINE=InnoDB AUTO_INCREMENT=9 DEFAULT CHARSET=latin1;
/*!40101 SET character_set_client = @saved_cs_client */;

--
-- Dumping data for table `t000_estrutura`
--

LOCK TABLES `t000_estrutura` WRITE;
/*!40000 ALTER TABLE `t000_estrutura` DISABLE KEYS */;
INSERT INTO `t000_estrutura` VALUES (1,'ADMINISTRAR','ADMINISTRAR','ADMINISTRAR',NULL),(2,'PROGRAMAS E MENUS ','PROGRAMAS E MENUS ','PROGRAMAS E MENUS ',1),(5,'CADASTRO','CADASTROS','CADASTRO',NULL),(6,'CLIENTES','CLIENTES','CLIENTES',5),(7,'PROGRAMAS','PROGRAMAS','PROGRAMAS',NULL),(8,'ROMANEIO','ROMANEIO','ROMANEIO',7);
/*!40000 ALTER TABLE `t000_estrutura` ENABLE KEYS */;
UNLOCK TABLES;

--
-- Table structure for table `t001_usuario`
--

DROP TABLE IF EXISTS `t001_usuario`;
/*!40101 SET @saved_cs_client     = @@character_set_client */;
/*!40101 SET character_set_client = utf8 */;
CREATE TABLE `t001_usuario` (
  `T001_login` varchar(10) NOT NULL,
  `T001_nome` varchar(200) DEFAULT NULL,
  `T001_senha` varchar(15) DEFAULT NULL,
  PRIMARY KEY (`T001_login`)
) ENGINE=InnoDB DEFAULT CHARSET=latin1;
/*!40101 SET character_set_client = @saved_cs_client */;

--
-- Dumping data for table `t001_usuario`
--

LOCK TABLES `t001_usuario` WRITE;
/*!40000 ALTER TABLE `t001_usuario` DISABLE KEYS */;
/*!40000 ALTER TABLE `t001_usuario` ENABLE KEYS */;
UNLOCK TABLES;

--
-- Table structure for table `t002_cliente`
--

DROP TABLE IF EXISTS `t002_cliente`;
/*!40101 SET @saved_cs_client     = @@character_set_client */;
/*!40101 SET character_set_client = utf8 */;
CREATE TABLE `t002_cliente` (
  `T002_codigo` int(11) NOT NULL AUTO_INCREMENT,
  `T002_nome` varchar(200) DEFAULT NULL,
  `T002_endereco` varchar(200) DEFAULT NULL,
  `T002_cep` char(9) DEFAULT NULL,
  `T002_romaneio_numero` int(11) DEFAULT '1' COMMENT 'Número da Ordem de Serviço',
  PRIMARY KEY (`T002_codigo`)
) ENGINE=InnoDB AUTO_INCREMENT=6 DEFAULT CHARSET=latin1;
/*!40101 SET character_set_client = @saved_cs_client */;

--
-- Dumping data for table `t002_cliente`
--

LOCK TABLES `t002_cliente` WRITE;
/*!40000 ALTER TABLE `t002_cliente` DISABLE KEYS */;
INSERT INTO `t002_cliente` VALUES (1,'ROMAST','ROMAST','',141),(2,'SERGIO','','',205),(3,'PATIMINI','','',2),(4,'NUBIA','RUA SILVA TELES','',3),(5,'SERGIO CH','','',2);
/*!40000 ALTER TABLE `t002_cliente` ENABLE KEYS */;
UNLOCK TABLES;

--
-- Table structure for table `t003_romaneio`
--

DROP TABLE IF EXISTS `t003_romaneio`;
/*!40101 SET @saved_cs_client     = @@character_set_client */;
/*!40101 SET character_set_client = utf8 */;
CREATE TABLE `t003_romaneio` (
  `T003_codigo` int(11) NOT NULL,
  `T003_ano` int(4) NOT NULL DEFAULT '2012',
  `T002_codigo` int(11) NOT NULL,
  `T003_data` date DEFAULT NULL,
  `T003_total` decimal(10,2) DEFAULT NULL,
  PRIMARY KEY (`T003_codigo`,`T002_codigo`,`T003_ano`),
  KEY `fk_T003_ordem_servico_T002_cliente1` (`T002_codigo`),
  CONSTRAINT `fk_T003_ordem_servico_T002_cliente1` FOREIGN KEY (`T002_codigo`) REFERENCES `t002_cliente` (`T002_codigo`) ON DELETE NO ACTION ON UPDATE NO ACTION
) ENGINE=InnoDB DEFAULT CHARSET=latin1;
/*!40101 SET character_set_client = @saved_cs_client */;

--
-- Dumping data for table `t003_romaneio`
--

LOCK TABLES `t003_romaneio` WRITE;
/*!40000 ALTER TABLE `t003_romaneio` DISABLE KEYS */;
INSERT INTO `t003_romaneio` VALUES (1,2012,3,'2012-10-03',3600.00),(1,2012,4,'2012-10-16',933.40),(1,2012,5,'2013-01-16',380.00),(2,2012,4,'2012-12-17',450.56),(85,2012,1,'2012-08-13',1948.00),(86,2012,1,'2012-08-17',2064.00),(87,2012,1,'2012-08-20',2997.12),(88,2012,1,'2012-08-21',1229.76),(89,2012,1,'2012-08-22',1632.00),(90,2012,1,'2012-08-23',3077.76),(91,2012,1,'2012-08-24',705.60),(92,2012,1,'2012-08-27',2867.52),(93,2012,1,'2012-08-30',1693.44),(94,2012,1,'2012-09-03',1265.60),(95,2012,1,'2012-09-05',1068.00),(96,2012,1,'2012-09-06',561.60),(97,2012,1,'2012-09-12',352.00),(98,2012,1,'2012-09-13',2889.18),(99,2012,1,'2012-09-14',1057.68),(100,2012,1,'2012-09-17',1209.60),(101,2012,1,'2012-09-19',627.12),(102,2012,1,'2012-09-24',1043.28),(103,2012,1,'2012-09-26',4554.80),(104,2012,1,'2012-09-27',1061.28),(105,2012,1,'2012-09-28',1366.56),(106,2012,1,'2012-10-01',3847.12),(107,2012,1,'2012-10-03',1241.60),(108,2012,1,'2012-10-04',7776.52),(109,2012,1,'2012-10-08',2591.28),(110,2012,1,'2012-10-09',1229.76),(111,2012,1,'2012-10-10',4664.16),(112,2012,1,'2012-10-15',2644.08),(113,2012,1,'2012-10-16',672.00),(114,2012,1,'2012-10-17',806.40),(115,2012,1,'2012-10-18',2666.88),(116,2012,1,'2012-10-23',2243.52),(117,2012,1,'2012-10-24',1620.54),(118,2012,1,'2012-10-25',1614.96),(119,2012,1,'2012-10-26',796.50),(119,2012,2,'2012-08-10',819.84),(120,2012,1,'2012-10-29',3494.16),(120,2012,2,'2012-08-13',1274.76),(121,2012,1,'2012-10-30',624.00),(122,2012,1,'2012-10-31',1447.62),(123,2012,1,'2012-11-01',922.80),(124,2012,1,'2012-11-08',1392.00),(124,2012,2,'2012-08-17',590.96),(125,2012,1,'2012-11-14',3578.40),(125,2012,2,'2012-08-20',2096.46),(126,2012,1,'2012-11-16',756.00),(126,2012,2,'2012-08-21',1133.58),(127,2012,1,'2012-11-21',1189.44),(127,2012,2,'2012-08-22',439.92),(128,2012,1,'2012-11-22',1354.32),(128,2012,2,'2012-08-23',925.56),(129,2012,1,'2012-11-26',1250.80),(129,2012,2,'2012-08-24',634.92),(130,2012,1,'2012-11-27',1520.00),(130,2012,2,'2012-08-27',1503.80),(131,2012,1,'2012-11-29',1290.24),(131,2012,2,'2012-08-28',984.60),(132,2012,1,'2012-12-03',1652.80),(132,2012,2,'2012-08-29',1224.72),(133,2012,1,'2012-12-05',1029.12),(133,2012,2,'2012-08-30',1537.08),(134,2012,1,'2012-12-06',1768.24),(134,2012,2,'2012-08-31',408.00),(135,2012,1,'2012-12-10',705.00),(135,2012,2,'2012-09-03',1760.16),(136,2012,1,'2012-12-12',836.16),(136,2012,2,'2012-09-04',1944.80),(137,2012,1,'2012-12-14',1029.12),(137,2012,2,'2012-09-05',2037.72),(138,2012,1,'2012-12-17',1189.92),(138,2012,2,'2012-09-06',1417.80),(139,2012,1,'2012-12-18',1573.88),(139,2012,2,'2012-09-10',3015.96),(140,2012,1,'2012-12-20',707.52),(140,2012,2,'2012-09-11',1685.38),(141,2012,2,'2012-09-12',1082.64),(142,2012,2,'2012-09-13',491.40),(143,2012,2,'2012-09-14',758.40),(144,2012,2,'2012-09-17',1574.40),(145,2012,2,'2012-09-18',2992.38),(146,2012,2,'2012-09-19',794.52),(147,2012,2,'2012-09-20',2714.64),(148,2012,2,'2012-09-21',1282.36),(149,2012,2,'2012-09-24',3517.88),(150,2012,2,'2012-09-25',1045.92),(151,2012,2,'2012-09-26',590.40),(152,2012,2,'2012-09-27',809.28),(153,2012,2,'2012-09-28',529.08),(154,2012,2,'2012-10-01',1743.72),(155,2012,2,'2012-10-02',1938.48),(156,2012,2,'2012-10-03',2228.62),(157,2012,2,'2012-10-04',1864.56),(158,2012,2,'2012-10-05',1126.16),(159,2012,2,'2012-10-08',6669.47),(160,2012,2,'2012-10-09',1008.48),(161,2012,2,'2012-10-10',1182.72),(162,2012,2,'2012-10-11',1009.44),(163,2012,2,'2012-10-15',3468.66),(164,2012,2,'2012-10-16',1868.02),(165,2012,2,'2012-10-17',799.52),(166,2012,2,'2012-10-19',893.98),(167,2012,2,'2012-10-22',2307.06),(168,2012,2,'2012-10-23',1611.66),(169,2012,2,'2012-10-24',1151.44),(170,2012,2,'2012-10-26',284.80),(171,2012,2,'2012-10-29',856.80),(172,2012,2,'2012-10-30',695.52),(173,2012,2,'2012-10-31',488.16),(174,2012,2,'2012-11-01',155.52),(175,2012,2,'2012-11-06',747.84),(176,2012,2,'2012-11-07',306.24),(177,2012,2,'2012-11-08',536.80),(178,2012,2,'2012-11-09',644.00),(179,2012,2,'2012-11-12',765.48),(180,2012,2,'2012-11-14',220.00),(181,2012,2,'2012-11-15',921.60),(182,2012,2,'2012-11-16',1097.80),(183,2012,2,'2012-11-20',748.80),(184,2012,2,'2012-11-21',302.40),(185,2012,2,'2012-11-22',288.00),(186,2012,2,'2012-11-23',721.60),(187,2012,2,'2012-11-26',1177.60),(188,2012,2,'2012-11-27',480.00),(189,2012,2,'2012-11-28',1164.00),(190,2012,2,'2012-11-29',1024.00),(191,2012,2,'2012-11-30',659.20),(192,2012,2,'2012-12-03',1968.80),(193,2012,2,'2012-12-05',532.00),(194,2012,2,'2012-12-06',1113.60),(195,2012,2,'2012-12-07',620.00),(196,2012,2,'2012-12-10',1023.20),(197,2012,2,'2012-12-11',991.20),(198,2012,2,'2012-12-12',1083.44),(199,2012,2,'2012-12-13',2212.52),(200,2012,2,'2012-12-14',902.40),(201,2012,2,'2012-12-17',1950.80),(202,2012,2,'2012-12-18',575.40),(203,2012,2,'2012-12-19',1369.12),(204,2012,2,'2012-12-20',1376.00);
/*!40000 ALTER TABLE `t003_romaneio` ENABLE KEYS */;
UNLOCK TABLES;

--
-- Table structure for table `t004_romaneio_detalhe`
--

DROP TABLE IF EXISTS `t004_romaneio_detalhe`;
/*!40101 SET @saved_cs_client     = @@character_set_client */;
/*!40101 SET character_set_client = utf8 */;
CREATE TABLE `t004_romaneio_detalhe` (
  `T003_codigo` int(11) NOT NULL,
  `T003_ano` int(4) NOT NULL,
  `T002_codigo` int(11) NOT NULL,
  `T004_quantidade` int(11) DEFAULT NULL,
  `T004_corte` varchar(15) DEFAULT NULL,
  `T004_especie` varchar(45) DEFAULT NULL,
  `T004_desenho` varchar(15) DEFAULT NULL,
  `T004_valor` decimal(10,2) DEFAULT NULL,
  `T004_subtotal` decimal(10,2) DEFAULT NULL,
  KEY `fk_t004_romaneio_detalhe_t003_romaneio1_idx` (`T003_codigo`,`T002_codigo`,`T003_ano`),
  CONSTRAINT `fk_t004_romaneio_detalhe_t003_romaneio1` FOREIGN KEY (`T003_codigo`, `T002_codigo`, `T003_ano`) REFERENCES `t003_romaneio` (`T003_codigo`, `T002_codigo`, `T003_ano`) ON DELETE NO ACTION ON UPDATE NO ACTION
) ENGINE=InnoDB DEFAULT CHARSET=latin1;
/*!40101 SET character_set_client = @saved_cs_client */;

--
-- Dumping data for table `t004_romaneio_detalhe`
--

LOCK TABLES `t004_romaneio_detalhe` WRITE;
/*!40000 ALTER TABLE `t004_romaneio_detalhe` DISABLE KEYS */;
INSERT INTO `t004_romaneio_detalhe` VALUES (119,2012,2,768,'21511-3','PERNA 6427P','19040112',0.58,445.44),(119,2012,2,480,'24387-3','PERNA MONT 7814P','4040112',0.78,374.40),(85,2012,1,600,'521','BOLSOS','17070112',1.24,744.00),(85,2012,1,400,'523','BOLSOS','17070112',1.24,496.00),(85,2012,1,600,'525','BOLSOS','27070612',1.18,708.00),(120,2012,2,480,'14282-4','PERNA 7719P','27031212',0.69,331.20),(120,2012,2,552,'21513-3','PEITO 10203P','1050412',0.92,507.84),(120,2012,2,516,'24356-3','PERNA 8533P','27030112',0.77,397.32),(120,2012,2,480,'24382-1','PERNA 889P','10050212',0.08,38.40),(124,2012,2,712,'21513-4','PEITO 9262P','09080312B',0.83,590.96),(86,2012,1,400,'548','BOLSOS','16070512',1.74,696.00),(86,2012,1,1200,'S/Nº','ETIQUETAS','4620',0.56,672.00),(86,2012,1,1200,'S/Nº','ETIQUETAS','4720',0.58,696.00),(87,2012,1,603,'553','BOLSOS','31070312',1.64,988.92),(87,2012,1,405,'555','BOLSOS                ','31070312',1.64,664.20),(87,2012,1,1200,'S/Nº','ETIQUETAS KR (  PRATA)','4420',0.56,672.00),(87,2012,1,1200,'S/Nº','ETIQUETAS  KR( NAPACZ)','4620',0.56,672.00),(125,2012,2,432,'14284-3','PERNA 8250P','29030312',0.74,319.68),(125,2012,2,432,'24357-3','PERNA 5188P','30031812',0.47,203.04),(125,2012,2,712,'24383-1','BOLSO MINIMO','1050612',0.36,256.32),(125,2012,2,564,'27354-4','PEITO MONT. LANT','10051012',0.98,552.72),(125,2012,2,480,'54418-2','PERNA 7480P','28031212',0.67,321.60),(125,2012,2,654,'54419-3','PERNA 5734P','28031312',0.52,340.08),(125,2012,2,102,'58291-2','BOLSO MONT 4117P','4020212',0.41,41.82),(125,2012,2,102,'58291-2','BOLSO MONT LANT','4020312',0.60,61.20),(88,2012,1,603,'557','BOLSOS','2080212',1.22,735.66),(88,2012,1,405,'559','BOLSOS','2080212',1.22,494.10),(126,2012,2,564,'11441-2','PEITO 8366P','18040512B',0.75,423.00),(126,2012,2,482,'14282-3','PERNA 7719P','27031212',0.69,332.58),(126,2012,2,600,'54417-2','PERNA 7016P','28031512',0.63,378.00),(127,2012,2,528,'21512-4','TRAZ. MONTADA 6450P','27040112',0.64,337.92),(127,2012,2,120,'27355-1','PEITO LANT.','26040812',0.85,102.00),(89,2012,1,400,'567','BOLSOS','9080112',1.20,480.00),(89,2012,1,400,'569','BOLSOS','9080112',1.20,480.00),(89,2012,1,1200,'S/Nº','ETIQUETAS','4620',0.56,672.00),(90,2012,1,603,'558','BOLSOS','2080412',0.98,590.94),(90,2012,1,405,'560','BOLSOS','2080412',0.98,396.90),(90,2012,1,888,'566','BOLSOS','13080112',0.84,745.92),(90,2012,1,1200,'S/Nº','ETIQUETAS KOROUN','4520',0.56,672.00),(90,2012,1,1200,'S/Nº','ETIQUETAS ROMAS´T','4620',0.56,672.00),(128,2012,2,330,'24362-4','BOLSO MINIMO','9040412',0.36,118.80),(128,2012,2,432,'27367-3','PEITO LANT','30030612',0.81,349.92),(128,2012,2,564,'27367-2','PEITO LANT','30030612',0.81,456.84),(129,2012,2,660,'11442-2','PERNA 5878P','24040112',0.53,349.80),(129,2012,2,432,'14286-3','PERNA 7327P','5040312',0.66,285.12),(91,2012,1,720,'561','BOLSOS','20060112',0.98,705.60),(130,2012,2,528,'14295-1','PERNA 7521P','11051212',0.68,359.04),(130,2012,2,432,'14296-2','PERNA 8970P','11050412',0.81,349.92),(130,2012,2,636,'17253-2','PEITO MONT LANT','2050112',0.79,502.44),(130,2012,2,430,'24354-3','PERNA 7521P','11051212',0.68,292.40),(92,2012,1,603,'571','ESPELHO','02080312B',1.56,940.68),(92,2012,1,405,'573','ESPELHO','02080312B',1.56,631.80),(92,2012,1,708,'562','BOLSOS','7080512',0.88,623.04),(92,2012,1,1200,'S/N','ETIQUETAS','3420',0.56,672.00),(131,2012,2,432,'14287-3','PERNA 7381P','40470712',0.66,285.12),(131,2012,2,804,'24354-4','PERNA MONT 8759P','10040112',0.87,699.48),(132,2012,2,864,'14293-1','BOLSO 7562P','10050312',0.68,587.52),(132,2012,2,480,'14303-1','PERNA 6035P','25050212',0.54,259.20),(132,2012,2,600,'54467-1','BOLSO PARES MIN','31050312',0.63,378.00),(133,2012,2,600,'11451-1','PEITO 11115P','15050312B',1.00,600.00),(133,2012,2,180,'17256-1','PEITO 6301P','25050312',0.57,102.60),(133,2012,2,516,'24387-3','TRAZ MONT 7814P','4040112',0.78,402.48),(133,2012,2,600,'44446-1','PARES BOLSOS 3997P','29050512',0.72,432.00),(93,2012,1,405,'586','ESPELHO RENDA E LANTEJ','15080112C',1.68,680.40),(93,2012,1,603,'588','ESPELHO RENDA E LANTEJ','15080112C',1.68,1013.04),(134,2012,2,600,'21518-2','PERNA 7596P','28050212',0.68,408.00),(135,2012,2,600,'11449-1','PEITO 10966P','12050212',0.98,588.00),(135,2012,2,600,'17250-1','BOLSO MINIMO','30051112',0.33,198.00),(135,2012,2,600,'17250-1','BARRADO LANT','30050112C',0.82,492.00),(135,2012,2,492,'27354-3','PEITO MONT LANT','10051012',0.98,482.16),(94,2012,1,720,'564','BOLSOS','7080112',1.08,777.60),(94,2012,1,400,'579','BOLSOS','13080312B',1.22,488.00),(136,2012,2,480,'14289-2','PERNA 6552P','1050312',0.59,283.20),(136,2012,2,480,'14289-3','PERNA 6552P','1050312',0.59,283.20),(136,2012,2,432,'24361-2','PERNA 7817P','20040312',0.70,302.40),(136,2012,2,480,'24388-1','BOLSO TRAS LANT','11060412',0.60,288.00),(136,2012,2,480,'24388-1','PERNA FR LANT','11060612',0.60,288.00),(136,2012,2,600,'54446-1','BOLSO MONT 8038P','12050412',0.80,480.00),(136,2012,2,1,'58327','MOSTRUÁRIO','28071112',20.00,20.00),(137,2012,2,432,'13829-4','PERNA 9785P','6020312',0.88,380.16),(137,2012,2,432,'13841-1','BOLSO 6466P','20031212',0.58,250.56),(137,2012,2,300,'14288-3','PERNA 5202P','23040712',0.47,141.00),(137,2012,2,600,'24396-1','PERNA 4876P','12060712',0.44,264.00),(137,2012,2,600,'54454-1','PARES BOLSO LANT','12060912',1.20,720.00),(137,2012,2,600,'54454-1','FRENTE 5255P','12060212',0.47,282.00),(95,2012,1,600,'575','BOLSOS','25070612',1.78,1068.00),(138,2012,2,150,'14285-','TRAS.MONT 9047P','10040612',0.90,135.00),(138,2012,2,330,'14290-2','PERNA 8853P','20040512',0.80,264.00),(138,2012,2,480,'14297-1','PERNA 8470P','14050812',0.85,408.00),(138,2012,2,480,'14300-1','PERNA  MINIMO','29050312',0.36,172.80),(138,2012,2,600,'44427-1','PARES BOLSOS MINIMO','4051012',0.63,378.00),(138,2012,2,1,'28934','MOSTRUÁRIO','3090412',20.00,20.00),(138,2012,2,1,'43737','MOSTRUÁRIO','5090312',20.00,20.00),(138,2012,2,1,'43738','MOSTRUÁRIO','5090212',20.00,20.00),(96,2012,1,720,'589','BOLSOS','24080212',0.78,561.60),(139,2012,2,432,'14293-2','BOLSO 7562P','10050312',0.68,293.76),(139,2012,2,600,'14299-1','PERNA 8896P','24050812',0.80,480.00),(139,2012,2,660,'24365-1','PERNA 5623P','9051712',0.51,336.60),(139,2012,2,600,'24390-1','PERNA MONT 9560P','17050212',0.95,570.00),(139,2012,2,400,'44427-2','PARES BOLSOS MINIMO','4051012',0.63,252.00),(139,2012,2,600,'54469-1','PARES BOLSOS LANT','23051112',1.20,720.00),(139,2012,2,1010,'24362-5','BOLSO 2840P MINIMO','9040412',0.36,363.60),(140,2012,2,300,'14294-1','PERNA 7596P','11051112',0.68,204.00),(140,2012,2,732,'14295-2','PERNA 7521P','11051212',0.68,497.76),(140,2012,2,552,'14296-1','PERNA 8970P','11050412',0.81,447.12),(140,2012,2,420,'24364-3','PERNA 5898P','11050312',0.53,222.60),(140,2012,2,430,'54424-2','PERNA MONT 7331P','24030712',0.73,313.90),(141,2012,2,600,'14302-1','PERNA MONT 8852P','24050712',0.89,534.00),(141,2012,2,792,'24383-2','BOLSO MIN','10050612',0.36,285.12),(141,2012,2,732,'44433-1','BOLSO MIN','15050512',0.36,263.52),(97,2012,1,400,'591','BOLSO','14080312',0.88,352.00),(142,2012,2,300,'34331-1','PARES BOLSOS  ','15050712',0.63,189.00),(142,2012,2,480,'34331-2','PARES BOLSOS','15050712',0.63,302.40),(98,2012,1,810,'596','BOLSOS','6070512',1.18,955.80),(98,2012,1,810,'600','BOLSOS','17080212',1.22,988.20),(98,2012,1,801,'598','BOLSOS','21080212',1.18,945.18),(143,2012,2,600,'24384II','PERNA BORDADA','10050512',0.76,456.00),(143,2012,2,480,'34331III','PARES DE BOLDO BORDADO','15050712',0.63,302.40),(99,2012,1,600,'608','BOLSO BORDADO','26040112',0.78,468.00),(99,2012,1,756,'612','BOLSO BORDADO','31080212',0.78,589.68),(100,2012,1,603,'593','BOLSOS','15080212',1.20,723.60),(100,2012,1,405,'595','BOLSOS','15080212',1.20,486.00),(144,2012,2,480,'11453-2','PEITO MONT 7125P','12050312',0.71,340.80),(144,2012,2,480,'54423-','TRAZ MONT INTEIRA 9672','27030312',1.16,556.80),(144,2012,2,480,'54423-','TRAZ MONT INTEIRA 9672','27030312',1.16,556.80),(144,2012,2,1,'28935','MOSTRUÁRIO','25070812',20.00,20.00),(144,2012,2,1,'58332','MOSTRUÁRIO','27071512',20.00,20.00),(144,2012,2,1,'58334','MOSTRUÁRIO','17090112',20.00,20.00),(144,2012,2,1,'S/Nº','MOSTRUÁRIO ETQ','11090212',20.00,20.00),(144,2012,2,1,'S/Nº','MOSTRUÁRIO ETQ','11090412',20.00,20.00),(144,2012,2,1,'S/Nº','MOSTRUÁRIO ETQ','11090712',20.00,20.00),(145,2012,2,384,'21517-1','PEITO LANT','25050812',0.78,299.52),(145,2012,2,612,'44442-2','PARES BOLSOS MIN','31050512',0.63,385.56),(145,2012,2,410,'54486-1','PERNA LANT+APLIC','18050612',0.75,307.50),(145,2012,2,1212,'54454-3','PERNA FR 4997P','6090812',0.45,545.40),(145,2012,2,1212,'54454-3','PARES FORRO BOLSO LANT','10090412',1.20,1454.40),(146,2012,2,310,'21517-3','PEITO LANT','25050812',0.78,241.80),(146,2012,2,564,'27354-2','PEITO MONT LANT','10051012',0.98,552.72),(101,2012,1,804,'610','BOLSOS','31080112',0.78,627.12),(147,2012,2,712,'21517-2','PEITO LANT','25050812',0.78,555.36),(147,2012,2,1216,'21518-3','PERNA 9256P','28050212',0.83,1009.28),(147,2012,2,700,'27356-','PEITO MONT LANT','1050612',0.94,658.00),(147,2012,2,600,'54447-1','PERNA MONT 7267P','14050212B',0.72,432.00),(147,2012,2,1,'13851','MOSTRUÁRIO','26070112',20.00,20.00),(147,2012,2,1,'13853','MOSTRUÁRIO','26070612',20.00,20.00),(147,2012,2,1,'13854','MOSTRUÁRIO BOLSO TRAZ','26070712',20.00,20.00),(147,2012,2,1,'13854','MOSTRUÁRIO ESPELHO DIR','20090112',0.00,0.00),(148,2012,2,612,'21518-2','PERNA 9256P','28050212',0.83,507.96),(148,2012,2,612,'54485-1','PARES BOLSO LANT','23051112',1.20,734.40),(148,2012,2,1,'138847','MOSTRUÁRIO','26070212',20.00,20.00),(148,2012,2,1,'13849','MOSTRUÁRIO','26070812',20.00,20.00),(102,2012,1,756,'637','BOLSOS','13080212',1.38,1043.28),(149,2012,2,1216,'21517-4','PEITO LANT','25050812',0.78,948.48),(149,2012,2,1820,'54447-A-2','PERNA MONT 9125P','310880312',0.91,1656.20),(149,2012,2,812,'54480-1','TRAZ LANT','24070212',0.74,600.88),(149,2012,2,812,'54480-1','BOLSO TR 2440P','27070312',0.36,292.32),(149,2012,2,1,'13855','MOSTRUÁRIO','27071312',20.00,20.00),(150,2012,2,696,'11451-2','PEITO 11115P','15050312B',1.00,696.00),(150,2012,2,648,'14303-2','PERNA 6035P','25050212',0.54,349.92),(103,2012,1,804,'635','BOLSOS','10090812',1.64,1318.56),(103,2012,1,1302,'654 PP','BOLSOS  E FRENTES','14030611',2.12,2760.24),(103,2012,1,595,'655','BOLSOS','3040712',0.80,476.00),(151,2012,2,144,'24393-1','PERNA 7 783P','14050112',0.70,100.80),(151,2012,2,816,'54481-1','PERNA LANT','12070612B',0.60,489.60),(104,2012,1,804,'646','BOLSOS','6090712',1.32,1061.28),(152,2012,2,912,'24392-3','PERNA','14050912',0.44,401.28),(152,2012,2,480,'24391-1','PERNA MONT 8451P','15051112',0.85,408.00),(105,2012,1,1752,'656 AB','BOLSOS','29050212',0.78,1366.56),(153,2012,2,150,'24350-3',' TRAZ MONT 9435P','13040512',0.94,141.00),(153,2012,2,882,'24392-2','     PERNA 4891P','14050912',0.44,388.08),(154,2012,2,900,'54454-2','FORRO DE BOLSO LANT','10090412',1.20,1080.00),(154,2012,2,900,'54454-2','FRENTE 5255P','14060212',0.47,423.00),(154,2012,2,408,'54487-1','FPRRP DE BOLSO LANT','10090412',0.12,48.96),(154,2012,2,408,'54487-1','FRENTE 5255P','14060212',0.47,191.76),(106,2012,1,612,'645','BOLSOS','13090212',1.04,636.48),(106,2012,1,804,'652','BOLSOS','13090112',1.38,1109.52),(106,2012,1,1568,'653','REC  BOCA DE BOLSO LAN','22051012',1.34,2101.12),(155,2012,2,672,'11453-2','PEITO MONT 7125P','12050312',0.71,477.12),(155,2012,2,300,'27371-1','BARRADO 9750P','04070112B',1.04,312.00),(155,2012,2,300,'27371-1','BOLSO MIN','5070112',0.36,108.00),(155,2012,2,402,'54416-5','PERNA 7507P','28031112',0.68,273.36),(155,2012,2,960,'54446-2','BOLSO 8038P','12050412',0.80,768.00),(1,2012,3,2000,'S/Nº','LACINHO ROSA DE LANTEJ','20061112C',0.60,1200.00),(1,2012,3,2000,'S/Nº','LACINHO PRATA DE LANTE','20061112C',0.60,1200.00),(1,2012,3,2000,'S/Nº','LACINHO PRETO DE LANTE','20061112C',0.60,1200.00),(156,2012,2,456,'17250-2','BARRADO  LANT','30050112C',0.82,373.92),(156,2012,2,456,'17250-2','BOLSO MIN','30051112',0.36,164.16),(156,2012,2,1016,'27354-5','PEITO MONT LANT','10051012',0.98,995.68),(156,2012,2,920,'28893-4','BOLSO 5369P','14030512',0.48,441.60),(156,2012,2,402,'54417-3','PERNA 7016P','28031512',0.63,253.26),(107,2012,1,1552,'659','PERNAS','22050912',0.80,1241.60),(157,2012,2,810,'24394-2','BOLSO LANT','11051312',0.68,550.80),(157,2012,2,952,'44420-3','PARES BOLSO LANT','2030412',1.38,1313.76),(108,2012,1,756,'647','BOLSOS','12090312',0.84,635.04),(108,2012,1,804,'648','BOLSOS','10090312',1.32,1061.28),(108,2012,1,1650,'660','BOLSOS E.V.A. + LANT','29060111D',2.18,3597.00),(108,2012,1,1552,'663','BOLSOS E PERNA','11051512',1.60,2483.20),(158,2012,2,1008,'44446-2','PARES BOLSO 3997P','29050512B',0.72,725.76),(158,2012,2,910,'24396-2','PERNA 4876P','12060712',0.44,400.40),(109,2012,1,603,'623','BOLSOS','4090112',1.32,795.96),(109,2012,1,396,'625','BOLSOS','4090112',1.32,522.72),(109,2012,1,605,'631','BOLSOS','3090312',1.26,762.30),(109,2012,1,405,'633','BOLSOS','3090312',1.26,510.30),(110,2012,1,603,'674','BOLSOS','18090112',1.22,735.66),(110,2012,1,405,'676','BOLSOS','18090112',1.22,494.10),(160,2012,2,384,'14298-1','PERNA 6301P','12050112',0.57,218.88),(160,2012,2,708,'41206-4','BOLSO LANT','5070212',0.60,424.80),(160,2012,2,304,'44421-6','PARES BOLSO LANT','28031412',1.20,364.80),(159,2012,2,180,'17256-2','FRENTE 6301P','25050312',0.57,102.60),(159,2012,2,1116,'27372-1','BARRADO LANT','03100112B',1.13,1261.08),(159,2012,2,1116,'27372-1','BOLSO LANT','05070112C',0.60,669.60),(159,2012,2,920,'24384-3','PERNA 9467P','11090612',0.85,782.00),(159,2012,2,708,'24388-2','FRENTE LANT','11060612',0.60,424.80),(159,2012,2,708,'24388-2','BOLSO LANT','11060412',0.60,424.80),(159,2012,2,540,'44442-3','PARES BOLSOS MIN','31050512A',0.63,340.20),(159,2012,2,220,'44442-4','PARES BOLSOS MIN','31050512A',0.63,138.60),(159,2012,2,275,'44442-5','PARES BOLSOS MIN','31050512A',0.63,173.25),(159,2012,2,402,'54415-5','FRENTE 7498P','29030112',0.67,269.34),(159,2012,2,720,'54469-2','PARES BOLSOS LANT','23051112',1.20,864.00),(159,2012,2,1016,'54469-3','PARES BOLSO LANT','230511112',1.20,1219.20),(111,2012,1,405,'636','ESP  E BOLSO TRAZ LANT','21100211C',2.72,1101.60),(111,2012,1,612,'638','ESP E BOLSO TRAZ LANT','21100211C',2.72,1664.64),(111,2012,1,804,'639','BOLSO LANT','11090112',1.32,1061.28),(111,2012,1,996,'673','BOLSOS','13090812',0.84,836.64),(162,2012,2,708,'41206-3','BOLSO LANT','5070112',0.60,424.80),(162,2012,2,348,'44443-1','RECORTE LANTEJOULAS','19060812',1.68,584.64),(112,2012,1,804,'671','BOLSOS','6090512',1.22,980.88),(112,2012,1,612,'677','BOLSOS','3090212',0.80,489.60),(112,2012,1,405,'679','BOLSOS','3090212',0.80,324.00),(112,2012,1,720,'681','BOLSOS','13090712',1.18,849.60),(163,2012,2,456,'14297-2','PERNA MONT 8470P','14050812',0.85,387.60),(163,2012,2,810,'24394-2','BOLSO LANT','11051312',0.68,550.80),(163,2012,2,444,'24396-3','PERNA 4876P','12060712',0.44,195.36),(163,2012,2,650,'27363-3','ETIQUETAS LANT','28060112C',0.75,487.50),(163,2012,2,300,'51219-1','BOLSOS LANT','5070312',0.60,180.00),(163,2012,2,696,'54443-1','PERNA 5561P','12050612',0.50,348.00),(163,2012,2,480,'54451-1','PERNA LANT+APLIC','18050612',0.75,360.00),(163,2012,2,1020,'54451-2','PERNA LANT+APLIC','18050612',0.75,765.00),(163,2012,2,324,'24394-1','BOLSO LANT','11051312',0.60,194.40),(1,2012,4,352,'24352','PARES DE BOLSOS LANTEJ','2100612',1.20,422.40),(1,2012,4,350,'S/Nº','PARES DE BOLSOS LANTEJ','2100712',1.46,511.00),(113,2012,1,840,'672','FRENTE','2101312',0.80,672.00),(164,2012,2,704,'44443-2','REC  BOCA DE BOLSO LAN','19060812',1.68,1182.72),(164,2012,2,770,'14302-2','PERNA MONT 8852P','24050712',0.89,685.30),(161,2012,2,704,'44443-2','RECORTE LANTEJOULAS','19060812',1.68,1182.72),(114,2012,1,603,'682','PERNA','24090112',0.80,482.40),(114,2012,1,405,'684','PERNA','24090112',0.80,324.00),(165,2012,2,464,'44443-4','REC  BOCA DE BOLSO LAN','19060812',1.68,779.52),(165,2012,2,1,'58359','16 PARES BOL. MOSTRUÁR','5100212',20.00,20.00),(115,2012,1,792,'685','BOLSOS E PERNA','6090212',2.14,1694.88),(115,2012,1,900,'687','BOLSOS BORDADO','12090212',1.08,972.00),(166,2012,2,432,'44424-2','PERNA 6375P','29030212',0.58,250.56),(166,2012,2,544,'44424-3','PERNA 6375P','29030212',0.58,315.52),(166,2012,2,330,'54409-3','PARES BOLSOS MIN','18100111',0.63,207.90),(166,2012,2,1,'13880','MOSTRUÁRIO','2101212',20.00,20.00),(166,2012,2,1,'13881','MOSTRUÁRIO','15100612',20.00,20.00),(166,2012,2,1,'13886','MOSTRUÁRIO','28090112',20.00,20.00),(166,2012,2,1,'13890','MOSTRUÁRIO','27090112',20.00,20.00),(166,2012,2,1,'13893','MOSTRUÁRIO','26090312',20.00,20.00),(166,2012,2,1,'28968','MOSTRUÁRIO','10100112',20.00,20.00),(167,2012,2,200,'13871-1','BOLSO 66811P','13070112',0.60,120.00),(167,2012,2,240,'14307-1','PERNA 4581P','17071012',0.41,98.40),(167,2012,2,204,'24405-1','PERNA LANT','18100112',0.60,122.40),(167,2012,2,204,'24408-1','PERNA 7851P','19070512',0.71,144.84),(167,2012,2,306,'34315-1','PERNA 7908P','130402112',0.71,217.26),(167,2012,2,618,'34316-1','PERNA 8037P','4040512',0.72,444.96),(167,2012,2,400,'44443-5','REC  BOCA DE BOLSO LAN','19060812',1.68,672.00),(167,2012,2,540,'54416-1','PERNA 7507P','28031112',0.68,367.20),(167,2012,2,1,'13882','MOSTRUÁRIO','28090312',20.00,20.00),(167,2012,2,1,'13889','MOSTRUÁRIO','27090512',20.00,20.00),(167,2012,2,1,'28958','MOSTRUÁRIO','10101412',20.00,20.00),(167,2012,2,1,'28960','MOSTRUÁRIO','10101312',20.00,20.00),(167,2012,2,1,'28964','MOSTRUÁRIO','19100112',20.00,20.00),(167,2012,2,1,'28969','MOSTRUÁRIO','10101212',20.00,20.00),(116,2012,1,792,'675','BOLSOS','13090512',1.28,1013.76),(116,2012,1,603,'690','BOLSOS','1080612',1.22,735.66),(116,2012,1,405,'692','BOLSOS','1080612',1.22,494.10),(168,2012,2,450,'27363','ETIQUETAS LANT','28061112D',0.75,337.50),(168,2012,2,204,'288951-1','PERNA 6528P','18070812',0.59,120.36),(168,2012,2,400,'44446-3','PARES  BOLSOS 3997P','29050512B',0.72,288.00),(168,2012,2,432,'54416-3','PERNA 7507','28031112',0.68,293.76),(168,2012,2,300,'54468-1','PARES BOLSOS MIN','25050712',0.63,189.00),(168,2012,2,504,'24384-1','PERNA 8428P','10050512',0.76,383.04),(117,2012,1,540,'694','BOLSOS','19090112',1.02,550.80),(117,2012,1,405,'696','BOLSOS','19090112',1.02,413.10),(117,2012,1,684,'706AB','BOLSOS','2100212',0.96,656.64),(169,2012,2,200,'14309-1','PERNA 7288P','17071112',0.66,132.00),(169,2012,2,264,'24390-2','PERNA MONT 9560P','17050212',0.95,250.80),(169,2012,2,192,'24391-2','PERNA MONT 8541P','15051112',0.85,163.20),(169,2012,2,204,'28950-1','PERNA 6265P','19070212',0.56,114.24),(169,2012,2,920,'58365-1','BOLSO MIN MET','5100512',0.36,331.20),(169,2012,2,1,'13876','MOSTRUÁRIO','1100112',20.00,20.00),(169,2012,2,1,'13883','MOSTRUÁRIO','1101012',20.00,20.00),(169,2012,2,1,'43741','MOSTRUÁRIO','5100312',20.00,20.00),(169,2012,2,1,'43746','MOSTRUÁRIO','5100512',20.00,20.00),(169,2012,2,1,'58348','MOSTRUÁRIO','16100512',20.00,20.00),(169,2012,2,1,'58354','MOSTRUÁRIO','5100912',20.00,20.00),(169,2012,2,1,'58358','MOSTRUÁRIO','5100112',20.00,20.00),(169,2012,2,1,'58360','MOSTRUÁRIO','22100212',20.00,20.00),(118,2012,1,747,'698','BOLSOS','19090312',1.28,956.16),(118,2012,1,540,'702','BOLSOS','4100112',1.22,658.80),(119,2012,1,675,'700','RECORTES NO ESPELHO','17100112B',1.18,796.50),(170,2012,2,204,'28948-1','RECORTE BOLSOS TR LANT','231001/0212',1.20,244.80),(170,2012,2,1,'13884','MOSTRUÁRIO','2100112',20.00,20.00),(170,2012,2,1,'58350','MOSTRUÁRIO','5100812',20.00,20.00),(171,2012,2,200,'13865 I','PERNA LANT','12070712',0.60,120.00),(171,2012,2,204,'28946 I','PERNA LANT','12070612',0.60,122.40),(171,2012,2,960,'54235 I','PERNA','5100412',0.64,614.40),(120,2012,1,603,'697','BOLSOS','21090112',0.82,494.46),(120,2012,1,702,'699','BOLSOS','21090112',0.82,575.64),(120,2012,1,711,'701','BOLSO E PERNA','14090612B',2.08,1478.88),(120,2012,1,801,'719','BOLSOS','21080312',1.18,945.18),(121,2012,1,800,'733','BOLSOS','25100212',0.78,624.00),(172,2012,2,432,'13837-4','PERNA 5316P','20031112',0.48,207.36),(172,2012,2,300,'54447-3','PERNA MONT 7167P','14050212B',0.72,216.00),(172,2012,2,432,'58307-4','PERNA 7015P','21030512B',0.63,272.16),(122,2012,1,588,'708','BOLSOS','2100112',0.80,470.40),(122,2012,1,801,'717','BOLSOS','17080312',1.22,977.22),(173,2012,2,432,'28913-3','PERNA 8235P','B21030412',0.74,319.68),(173,2012,2,432,'588296-4','BOLSOS 4384P','12030412',0.39,168.48),(174,2012,2,432,'58297-4','PERNA MIN','130470312',0.36,155.52),(123,2012,1,600,'713','BOLSOS','3100312',0.80,480.00),(123,2012,1,540,'737','BOLSOS','27090612',0.82,442.80),(175,2012,2,480,'13859-1','PERNA 8147P','4070312',0.73,350.40),(175,2012,2,432,'28919-4','TRAZ MONT 5599P','11040212',0.56,241.92),(175,2012,2,432,'38245-3','PARES BOLSOS MIN','12030512',0.36,155.52),(176,2012,2,432,'13833-5','PERNA 6383P','13040612',0.57,246.24),(176,2012,2,1,'12485','MOSTRUÁRIO','19100212',20.00,20.00),(176,2012,2,1,'12486','MOSTRUÁRIO','22100112B',20.00,20.00),(176,2012,2,1,'22831','MOSTRUÁRIO','22100512',20.00,20.00),(124,2012,1,1200,'S/Nº','ETIQUETAS','3725',0.58,696.00),(124,2012,1,1200,'S/Nº','ETIQUETAS','3925',0.58,696.00),(177,2012,2,480,'13848-1','PERNA LANT','4070212',0.91,436.80),(177,2012,2,1,'12489','MOSTRUÁRIO','24100712',20.00,20.00),(177,2012,2,1,'22830','MOSTRUÁRIO','24100212',20.00,20.00),(177,2012,2,1,'22832','MOSTRUÁRIO','22100312',20.00,20.00),(177,2012,2,1,'22833','MOSTRUÁRIO','29100112',20.00,20.00),(177,2012,2,1,'22834','MOSTRUÁRIO','24100812',20.00,20.00),(178,2012,2,480,'138850-1','PERNA LANT','27060112',0.60,288.00),(178,2012,2,480,'13864-1','PERNA 7782P','02070212B',0.70,336.00),(178,2012,2,1,'12490','MOSTRUÁRIO','24100612',20.00,20.00),(179,2012,2,432,'13831-6','PERNA MONT 8366P','15030712',0.84,362.88),(179,2012,2,480,'13863-1','PERNA 5785P','2070112',0.52,249.60),(179,2012,2,204,'28949-1','PERNA LANT MONT','8110112',0.75,153.00),(180,2012,2,1,'12492','MOSTRUÁRIO','12110312',20.00,20.00),(180,2012,2,1,'12493','MOSTRUÁRIO','9110412',20.00,20.00),(180,2012,2,1,'12495','MOSTRUÁRIO','13110512',20.00,20.00),(180,2012,2,1,'12496','MOSTRUÁRIO','13110612',20.00,20.00),(180,2012,2,1,'12497','MOSTRUÁRIO','12110512',20.00,20.00),(180,2012,2,1,'12498','MOSTRUÁRIO','12110612',20.00,20.00),(180,2012,2,1,'22837','MOSTRUÁRIO','9110112',20.00,20.00),(180,2012,2,1,'22839','MOSTRUÁRIO','12110112',20.00,20.00),(180,2012,2,1,'22840','MOSTRUÁRIO','9110312',20.00,20.00),(180,2012,2,1,'22842','MOSTRUÁRIO','12110412',20.00,20.00),(180,2012,2,1,'22844','MOSTRUÁRIO','12110212',20.00,20.00),(181,2012,2,480,'13863-2','PERNA 5785P','2070112',0.52,249.60),(181,2012,2,480,'13864-2','PERNA 7882P','02070212B',0.70,336.00),(181,2012,2,480,'13852-1','PERNA MONT LANT','29060512',0.70,336.00),(125,2012,1,603,'743','PERNAS','9100112',0.80,482.40),(125,2012,1,405,'745','PERNAS','9100112',0.80,324.00),(125,2012,1,1200,'S/Nº','ETIQUETAS','3420',0.50,600.00),(125,2012,1,1200,'S/Nº','ETIQUETAS','4320',0.63,756.00),(125,2012,1,1200,'S/Nº','ETIQUETAS','4820',0.58,696.00),(125,2012,1,1200,'S/Nº','ETIQUETAS','4220',0.60,720.00),(126,2012,1,1200,'S/Nº','ETIQUETAS','4920',0.63,756.00),(182,2012,2,440,'21513-5','PEITO 9262P','090803112B',0.83,365.20),(182,2012,2,420,'21513-6','PEITO 9262P','09080312B',0.83,348.60),(182,2012,2,480,'28929-1','PERNA 8938P','11070312',0.80,384.00),(183,2012,2,480,'13862I','PERNA MONT 9307PTS','6070912',0.93,446.40),(183,2012,2,480,'58315I','PARES BOLSOS MIN','12070412',0.63,302.40),(184,2012,2,480,'58336-1','PARES BOLSOS MIN','12070212',0.63,302.40),(127,2012,1,603,'767','BOLSOS LANTEJ','30100212',1.18,711.54),(127,2012,1,405,'769','BOLSOS LANTEJ','30100212',1.18,477.90),(185,2012,2,480,'43724-1','BOLSO TRAZ LANT','16070312',0.60,288.00),(128,2012,1,621,'771','BOLSOS LANTEJ','14080812',1.32,819.72),(128,2012,1,405,'773','BOLSOS LANTEJ','14080812',1.32,534.60),(186,2012,2,360,'13852-2','PERNA MONT LANT','29060512',0.70,252.00),(186,2012,2,480,'13853-1','PERNA 8596P','26070612',0.77,369.60),(186,2012,2,1,'12499','MOSTRUARIO','21110212B',20.00,20.00),(186,2012,2,1,'12500','MOSTRUÁRIO','20110212',20.00,20.00),(186,2012,2,1,'12501','MOSTRUÁRIO','21110212',20.00,20.00),(186,2012,2,1,'13887','MOSTRUÁRIO','28090212',20.00,20.00),(186,2012,2,1,'20291','MOSTRUÁRIO','14110212A/B',20.00,20.00),(187,2012,2,480,'12487-1','PEITO 9086P','26100112',0.82,393.60),(187,2012,2,480,'12488-1','PEITO 8956P','24100512',0.81,388.80),(187,2012,2,480,'13854-1','ESPELHO MIN','20090112',0.36,172.80),(187,2012,2,480,'13854-1','BOLSO TRAZ 4201P','26070712',0.38,182.40),(187,2012,2,1,'13909','MOSTRUÁRIO','23110112',20.00,20.00),(187,2012,2,1,'13911','MOSTRUÁRIO','23110512',20.00,20.00),(129,2012,1,610,'775','BOLSOS','14090512',1.18,719.80),(129,2012,1,450,'777','BOLSOS','14090512',1.18,531.00),(130,2012,1,600,'783','PERNAS E BOLSOS','1100612',1.52,912.00),(130,2012,1,400,'785','PERNAS E BOLSOS','1100612',1.52,608.00),(188,2012,2,1,'13879','MOSTRUÁRIO','231110312',20.00,20.00),(188,2012,2,1,'13910','MOSTRUÁRIO','23110412',20.00,20.00),(188,2012,2,1,'23002','MOSTRUÁRIO','24110112',20.00,20.00),(188,2012,2,1,'58391','MOSTRUÁRIO','26110412',20.00,20.00),(188,2012,2,1,'58393','MOSTRUÁRIO','26110612',20.00,20.00),(188,2012,2,1,'58394','MOSTRUÁRIO','24110712',20.00,20.00),(188,2012,2,480,'43724-1','ETIQUETAS LANT','11090212A',0.75,360.00),(189,2012,2,480,'13862-2','PERNA MONT 9307PTS','6070912',0.84,403.20),(189,2012,2,480,'22832-1','PEITO 7880PTS','22100312',0.71,340.80),(189,2012,2,480,'43722-1','ETIQUETAS LANT','11090412A',0.75,360.00),(189,2012,2,1,'12502','MOSTRUÁRIO','27110712B',20.00,20.00),(189,2012,2,1,'28957','MOSTRUÁRIO','27110412',20.00,20.00),(189,2012,2,1,'58395','MOSTRUÁRIO','24110212',20.00,20.00),(131,2012,1,603,'793','BOLSOS LANTEJ','30100112',1.28,771.84),(131,2012,1,405,'795','BOLSOS LANTEJ','30100112',1.28,518.40),(190,2012,2,480,'13848-2','PERNA LANT','4070212',0.91,436.80),(190,2012,2,480,'13855-1','PERNA MONT 7291P','27071312',0.73,350.40),(190,2012,2,480,'28935-1','PERNA 4525P','25070812',0.41,196.80),(190,2012,2,1,'13877','MOSTRUÁRIO','28110212',20.00,20.00),(190,2012,2,1,'23003','MOSTRUÁRIO','28110312',20.00,20.00),(191,2012,2,480,'13850-2','PERNA LANT','27060112',0.60,288.00),(191,2012,2,480,'22930-1','PEITO MONT 6851P','24100212',0.69,331.20),(191,2012,2,1,'17260','MOSTRUÁRIO','29110212',20.00,20.00),(191,2012,2,1,'22846','MOSTRUÁRIO','24110612',20.00,20.00),(132,2012,1,600,'722','BOLSOS','21090212',0.84,504.00),(132,2012,1,400,'724','BOLSOS','21090212',0.84,336.00),(132,2012,1,608,'807','BOLSOS','21090312',0.80,486.40),(132,2012,1,408,'809','BOLSOS','21090312',0.80,326.40),(192,2012,2,480,'12489-1','PEITO MONT 7163P','24100712',0.72,345.60),(192,2012,2,480,'13876-1','PERNA C/ APLIC','01100112B',0.78,374.40),(192,2012,2,480,'13876-1','ESPELHO MIN','1101112',0.36,172.80),(192,2012,2,480,'13882-1','PERNA 7315P','28090312',0.66,316.80),(192,2012,2,480,'13884-1','TRAZ 5420P','2101112',0.49,235.20),(192,2012,2,480,'13890-1','PERNA MIN','27090112',0.36,172.80),(192,2012,2,480,'28969-1','PERNA7720P','10101212',0.69,331.20),(192,2012,2,1,'50149','MOSTRUÁRIO','24110312',20.00,20.00),(133,2012,1,804,'815','BOLSOS LANTEJ','31100112',1.28,1029.12),(193,2012,2,480,'138889-1','PERNA LANT','27090512',0.90,432.00),(193,2012,2,1,'22847','MOSTRUÁRIO','3120312',20.00,20.00),(193,2012,2,1,'23004','MOSTRUÁRIO','3120412',20.00,20.00),(193,2012,2,1,'23005','MOSTRUÁRIO','1120112',20.00,20.00),(193,2012,2,1,'23006','MOSTRUÁRIO','30110412B',20.00,20.00),(193,2012,2,1,'57226','MOSTRUÁRIO','21110512',20.00,20.00),(134,2012,1,600,'726','RECORTE FRENTE','03120212B',1.18,708.00),(134,2012,1,400,'728','RECORTE FRENTE','03120212B',1.18,472.00),(134,2012,1,516,'817','BOLSOS','14090112',1.14,588.24),(194,2012,2,480,'13867-1','BOLSO LANTEJ','16100412',0.60,288.00),(194,2012,2,480,'13894-1','PERNA 5785P','12070812',0.52,249.60),(194,2012,2,480,'13897-1','PERNA LANTEJ','11100712',0.60,288.00),(194,2012,2,480,'13899-1','PERMA 6214P','11101012',0.60,288.00),(195,2012,2,480,'28960-1','PERNA 8861P','10101312',0.80,384.00),(195,2012,2,480,'28982-1','PERNA 4977P','11101112',0.45,216.00),(195,2012,2,1,'58390','MOSTRUÁRIO','21110412',20.00,20.00),(135,2012,1,750,'819','BOLSOS','27110612',0.94,705.00),(196,2012,2,480,'13880-1','PERNA 8676P','2101212',0.78,374.40),(196,2012,2,480,'28968-1','PERNA 5387P','10100112',0.48,230.40),(196,2012,2,480,'28977-1','PERNA 3987P','11100312',0.36,172.80),(196,2012,2,480,'58348-1','BOLSO TRAZ 5266P','16100512',0.47,225.60),(196,2012,2,1,'20298','MOSTRUÁRIO','16100112',20.00,20.00),(197,2012,2,480,'13886-1','PERNA 4420P','28090112',0.40,192.00),(197,2012,2,480,'28958-1','PERNA MIN','10100212',0.36,172.80),(197,2012,2,480,'28974-1','PERNA 6225P','11100912',0.56,268.80),(197,2012,2,480,'58354-1','PERNA 6889P','5100912',0.62,297.60),(197,2012,2,1,'10237','MOSTRUÁRIO','5120112',20.00,20.00),(197,2012,2,1,'22848','MOSTRUÁRIO','7120112',20.00,20.00),(197,2012,2,1,'27390','MOSTRUÁRIO','6120712',20.00,20.00),(136,2012,1,804,'821','BOLSOS','4120512',1.04,836.16),(198,2012,2,480,'28985-1','PERNA 4701P','11100112',0.42,201.60),(198,2012,2,480,'43746-1','PARES BOLSOS MIN','5100612',0.63,302.40),(198,2012,2,204,'58315-2','PARES BOLSOS MIN','12070412',0.63,128.52),(198,2012,2,204,'58336-2','PARES BOLSOS MIN','12070212',0.63,128.52),(198,2012,2,480,'58350-1','PARES BOLSOS MIN','5100812',0.63,302.40),(198,2012,2,1,'20299','MOSTRUÁRIO','10120812',20.00,20.00),(199,2012,2,480,'13838-1','PERNA LANT','24040212B',0.88,422.40),(199,2012,2,480,'28981-1','PERNA LANT','17100312',0.77,369.60),(199,2012,2,480,'13900-1','PERNA MONT 6797P','15100212',0.68,326.40),(199,2012,2,480,'28980-1','PERNA LANT','11100512',0.60,288.00),(199,2012,2,480,'28980-1','PARES BOLSOS','11100612A',0.72,345.60),(199,2012,2,480,'28984-1','PERNA LANT','11100412',0.65,312.00),(199,2012,2,204,'58337-1','PARES BOLSOS MIN','12070312',0.63,128.52),(199,2012,2,1,'10239','MOSTRUÁRIO','12120112',20.00,20.00),(137,2012,1,804,'732','BOLSOS','5110212',1.28,1029.12),(200,2012,2,480,'12490-1','PEITO 7575P','24100612',0.68,326.40),(200,2012,2,480,'13851-1','BOLSO LANTEJ','26070112',0.60,288.00),(200,2012,2,480,'22842-1','PERNA 6725P','12110412',0.60,288.00),(2,2012,4,352,'28','BOLSOS','7120312',1.28,450.56),(138,2012,1,804,'730','BOLSOS','9110212',1.48,1189.92),(201,2012,2,204,'13852-3','PERNA MONT LANT','29060512',0.70,142.80),(201,2012,2,480,'22831-1','PEITO 6342P','22100512',0.57,273.60),(201,2012,2,480,'22839-1','PEITO 11635P','12110112',1.05,504.00),(201,2012,2,480,'22844-1','PEITO 14201P','12110312',1.26,604.80),(201,2012,2,480,'28976-1','TRAZ MONT 7157P','16100212',0.72,345.60),(201,2012,2,1,'23015','MOSTRUÁRIO','13120312',20.00,20.00),(201,2012,2,1,'28940','MOSTRUÁRIO','27070312',20.00,20.00),(201,2012,2,1,'43781','MOSTRUÁRIO','14120412',20.00,20.00),(201,2012,2,1,'43782','MOSTRUÁRIO','14120912',20.00,20.00),(202,2012,2,480,'138883-1','PERNA MONT 8821P','1101012',0.88,422.40),(202,2012,2,204,'58337-1','ETIQUETAS','28061112E',0.75,153.00),(139,2012,1,803,'825','PERNAS FRENTES LANTEJ','4120712',1.96,1573.88),(203,2012,2,480,'12498-1','PERNA 5748P','12110612',0.52,249.60),(203,2012,2,300,'13847-1','PARES BOLSOS LANT','26070212',1.20,360.00),(203,2012,2,480,'13849-1','PERNA LANT','26070812',0.60,288.00),(203,2012,2,204,'58332-1','PERNA 7033P','27071512',0.63,128.52),(203,2012,2,300,'58334-1','PERNA 9040P','17090112',0.81,243.00),(203,2012,2,1,'10241','MOSTRUÁRIO','1101212',20.00,20.00),(203,2012,2,1,'13885','MOSTRUÁRIO','1100412',20.00,20.00),(203,2012,2,1,'20300','MOSTRUÁRIO','13120412',20.00,20.00),(203,2012,2,1,'20303','MOSTRUÁRIO','13120512',20.00,20.00),(203,2012,2,1,'23013','MOSTRUÁRIO','13120212',20.00,20.00),(204,2012,2,300,'22851-1','PEITO 11685P','12110112',1.05,315.00),(204,2012,2,820,'28935-2','PERNA 4525P','25070812',0.41,336.20),(204,2012,2,480,'28958-1','PERNA TRAZ MONT 6982P','10101412',0.70,336.00),(204,2012,2,810,'28968-2','PERNA 5387P','10100112',0.48,388.80),(140,2012,1,804,'833','BOLSOS','4120112',0.88,707.52),(1,2012,5,480,'12495-1','PEITO MONT 7488P','13110512',0.75,360.00),(1,2012,5,1,'13912','MOSTRUÁRIO','14120212',20.00,20.00);
/*!40000 ALTER TABLE `t004_romaneio_detalhe` ENABLE KEYS */;
UNLOCK TABLES;
/*!40103 SET TIME_ZONE=@OLD_TIME_ZONE */;

/*!40101 SET SQL_MODE=@OLD_SQL_MODE */;
/*!40014 SET FOREIGN_KEY_CHECKS=@OLD_FOREIGN_KEY_CHECKS */;
/*!40014 SET UNIQUE_CHECKS=@OLD_UNIQUE_CHECKS */;
/*!40101 SET CHARACTER_SET_CLIENT=@OLD_CHARACTER_SET_CLIENT */;
/*!40101 SET CHARACTER_SET_RESULTS=@OLD_CHARACTER_SET_RESULTS */;
/*!40101 SET COLLATION_CONNECTION=@OLD_COLLATION_CONNECTION */;
/*!40111 SET SQL_NOTES=@OLD_SQL_NOTES */;

-- Dump completed on 2013-01-18 22:31:52
